<?xml version="1.0" encoding="utf-8"?>
<!--/1598182/1517172/2.50/9/4/MOSFET (N-Channel)/-->
<quadcept_library>
  <setting unit="mil" />
  <textstyle name="Default" height="47.244094488189" strokewidth="7.8740157480315" charwidth="47.244094488189" />
  <textstyle name="Dimension" height="19.6850393700787" strokewidth="0" charwidth="19.6850393700787" />
  <textstyle name="H127W0635TH00762" height="50" strokewidth="3" charwidth="25" />
  <textstyle name="H15W15TH02" height="59.0551181102362" strokewidth="7.8740157480315" charwidth="59.0551181102362" />
  <padstyle name="r280_80" surface="True" plated="False" isvia="False" nopaste="False" nomask="True" complex="False" holesize="0">
    <padshape layer="TOP" shape="rectangle" width="31.496062992126" height="110.23622047244" />
    <padshape layer="TOP_SOLDER_MASK" shape="rectangle" width="39.370078740157" height="118.11023622047" />
    <padshape layer="TOP_SOLDER_PASTE" shape="rectangle" width="31.496062992126" height="110.23622047244" />
  </padstyle>
  <padstyle name="r890_810" surface="True" plated="False" isvia="False" nopaste="False" nomask="True" complex="False" holesize="0">
    <padshape layer="TOP" shape="rectangle" width="318.89763779527" height="350.3937007874" />
    <padshape layer="TOP_SOLDER_MASK" shape="rectangle" width="326.7716535433" height="358.26771653543" />
    <padshape layer="TOP_SOLDER_PASTE" shape="rectangle" width="318.89763779527" height="350.3937007874" />
  </padstyle>
  <padstyle name="r165_65" surface="True" plated="False" isvia="False" nopaste="False" nomask="True" complex="False" holesize="0">
    <padshape layer="TOP" shape="rectangle" width="25.590551181102" height="64.960629921259" />
    <padshape layer="TOP_SOLDER_MASK" shape="rectangle" width="33.464566929133" height="72.83464566929" />
    <padshape layer="TOP_SOLDER_PASTE" shape="rectangle" width="25.590551181102" height="64.960629921259" />
  </padstyle>
  <padstyle name="r290_65" surface="True" plated="False" isvia="False" nopaste="False" nomask="True" complex="False" holesize="0">
    <padshape layer="TOP" shape="rectangle" width="25.590551181102" height="114.17322834646" />
    <padshape layer="TOP_SOLDER_MASK" shape="rectangle" width="33.464566929133" height="122.04724409449" />
    <padshape layer="TOP_SOLDER_PASTE" shape="rectangle" width="25.590551181102" height="114.17322834646" />
  </padstyle>
  <footprint name="H-PSOF8L-11.68X9.80_1" originx="0" originy="0" pickpointx="0" pickpointy="0">
    <pcbpin number="1" name="1" style="r280_80" originx="-165.35433070866" originy="-206.29921259842" rotation="0" />
    <pcbpin number="2" name="2" style="r280_80" originx="-118.11023622047" originy="-206.29921259842" rotation="0" />
    <pcbpin number="3" name="3" style="r280_80" originx="-70.866141732283" originy="-206.29921259842" rotation="0" />
    <pcbpin number="4" name="4" style="r280_80" originx="-23.622047244094" originy="-206.29921259842" rotation="0" />
    <pcbpin number="5" name="5" style="r280_80" originx="23.622047244094" originy="-206.29921259842" rotation="0" />
    <pcbpin number="6" name="6" style="r280_80" originx="70.866141732283" originy="-206.29921259842" rotation="0" />
    <pcbpin number="7" name="7" style="r280_80" originx="118.11023622047" originy="-206.29921259842" rotation="0" />
    <pcbpin number="8" name="8" style="r280_80" originx="165.35433070866" originy="-206.29921259842" rotation="0" />
    <pcbpin number="9" name="9" style="r890_810" originx="0" originy="101.96850393701" rotation="90" />
    <pcbpin number="10" name="10" style="r165_65" originx="-187.99212598425" originy="228.93700787401" rotation="0" />
    <pcbpin number="11" name="11" style="r165_65" originx="187.99212598425" originy="228.93700787401" rotation="0" />
    <pcbpin number="12" name="12" style="r290_65" originx="-187.99212598425" originy="23.228346456693" rotation="0" />
    <pcbpin number="13" name="13" style="r290_65" originx="187.99212598425" originy="23.228346456693" rotation="0" />
    <line layer="TOP_ASSEMBLY" originx="-192.91338582677" originy="204.33070866141" endx="192.91338582677" endy="204.33070866141" width="7.8740157480314" />
    <line layer="TOP_ASSEMBLY" originx="192.91338582677" originy="204.33070866141" endx="192.91338582677" endy="-204.33070866141" width="7.8740157480314" />
    <line layer="TOP_ASSEMBLY" originx="192.91338582677" originy="-204.33070866141" endx="-192.91338582677" endy="-204.33070866141" width="7.8740157480314" />
    <line layer="TOP_ASSEMBLY" originx="-192.91338582677" originy="-204.33070866141" endx="-192.91338582677" endy="204.33070866141" width="7.8740157480314" />
    <line layer="TOP_SILKSCREEN" originx="-192.91338582677" originy="-204.33070866141" endx="-192.91338582677" endy="-44.999999999999" width="7.8740157480314" />
    <line layer="TOP_SILKSCREEN" originx="-192.91338582677" originy="185.03937007874" endx="-192.91338582677" endy="92.519685039369" width="7.8740157480314" />
    <line layer="TOP_SILKSCREEN" originx="192.91338582677" originy="185.03937007874" endx="192.91338582677" endy="92.519685039369" width="7.8740157480314" />
    <line layer="TOP_SILKSCREEN" originx="192.91338582677" originy="-204.33070866141" endx="192.91338582677" endy="-44.999999999999" width="7.8740157480314" />
    <arc layer="TOP_SILKSCREEN" originx="-168.89763779527" originy="-295.62992125984" startangle="180" sweepangle="180" radius="2.1259842519685" width="7.8740157480314" />
    <arc layer="TOP_SILKSCREEN" originx="-168.89763779527" originy="-295.62992125984" startangle="180" sweepangle="-180" radius="2.1259842519685" width="7.8740157480314" />
  </footprint>
  <symbol name="FDBL86210-F085" originx="0" originy="0">
    <line originx="200" originy="100" endx="800" endy="100" width="0" />
    <line originx="800" originy="-500" endx="800" endy="100" width="0" />
    <line originx="800" originy="-500" endx="200" endy="-500" width="0" />
    <line originx="200" originy="100" endx="200" endy="-500" width="0" />
    <sympin number="1" originx="200" originy="0" rotation="180" length="100" width="7.8740157480315" flipped="False">
      <text name="pinname" originx="230" originy="0" style="Default" rotation="0" justify="left" flipped="False" hidden="False" data="G" />
      <text name="pindes" originx="140" originy="20" style="Default" rotation="0" justify="lowerright" flipped="False" hidden="False" data="1" />
    </sympin>
    <sympin number="2" originx="200" originy="-100" rotation="180" length="100" width="7.8740157480315" flipped="False">
      <text name="pinname" originx="230" originy="-100" style="Default" rotation="0" justify="left" flipped="False" hidden="False" data="S_1" />
      <text name="pindes" originx="140" originy="-80" style="Default" rotation="0" justify="lowerright" flipped="False" hidden="False" data="2" />
    </sympin>
    <sympin number="3" originx="200" originy="-200" rotation="180" length="100" width="7.8740157480315" flipped="False">
      <text name="pinname" originx="230" originy="-200" style="Default" rotation="0" justify="left" flipped="False" hidden="False" data="S_2" />
      <text name="pindes" originx="140" originy="-180" style="Default" rotation="0" justify="lowerright" flipped="False" hidden="False" data="3" />
    </sympin>
    <sympin number="4" originx="200" originy="-300" rotation="180" length="100" width="7.8740157480315" flipped="False">
      <text name="pinname" originx="230" originy="-300" style="Default" rotation="0" justify="left" flipped="False" hidden="False" data="S_3" />
      <text name="pindes" originx="140" originy="-280" style="Default" rotation="0" justify="lowerright" flipped="False" hidden="False" data="4" />
    </sympin>
    <sympin number="5" originx="200" originy="-400" rotation="180" length="100" width="7.8740157480315" flipped="False">
      <text name="pinname" originx="230" originy="-400" style="Default" rotation="0" justify="left" flipped="False" hidden="False" data="S_4" />
      <text name="pindes" originx="140" originy="-380" style="Default" rotation="0" justify="lowerright" flipped="False" hidden="False" data="5" />
    </sympin>
    <sympin number="6" originx="800" originy="0" rotation="0" length="100" width="7.8740157480315" flipped="False">
      <text name="pinname" originx="770" originy="0" style="Default" rotation="0" justify="right" flipped="False" hidden="False" data="S_5" />
      <text name="pindes" originx="860" originy="20" style="Default" rotation="0" justify="lowerleft" flipped="False" hidden="False" data="6" />
    </sympin>
    <sympin number="7" originx="800" originy="-100" rotation="0" length="100" width="7.8740157480315" flipped="False">
      <text name="pinname" originx="770" originy="-100" style="Default" rotation="0" justify="right" flipped="False" hidden="False" data="S_6" />
      <text name="pindes" originx="860" originy="-80" style="Default" rotation="0" justify="lowerleft" flipped="False" hidden="False" data="7" />
    </sympin>
    <sympin number="8" originx="800" originy="-200" rotation="0" length="100" width="7.8740157480315" flipped="False">
      <text name="pinname" originx="770" originy="-200" style="Default" rotation="0" justify="right" flipped="False" hidden="False" data="S_7" />
      <text name="pindes" originx="860" originy="-180" style="Default" rotation="0" justify="lowerleft" flipped="False" hidden="False" data="8" />
    </sympin>
    <sympin number="9" originx="800" originy="-300" rotation="0" length="100" width="7.8740157480315" flipped="False">
      <text name="pinname" originx="770" originy="-300" style="Default" rotation="0" justify="right" flipped="False" hidden="False" data="D" />
      <text name="pindes" originx="860" originy="-280" style="Default" rotation="0" justify="lowerleft" flipped="False" hidden="False" data="9" />
    </sympin>
  </symbol>
  <component name="FDBL86210-F085" designatorprefix="Q" height="0" footprint="H-PSOF8L-11.68X9.80_1">
    <comppin designator="1" sympin="1" pinswap="0" gateswap="0" gate="1" group="1" side="" type="Any" name="G" />
    <comppin designator="2" sympin="2" pinswap="0" gateswap="0" gate="1" group="1" side="" type="Any" name="S_1" />
    <comppin designator="3" sympin="3" pinswap="0" gateswap="0" gate="1" group="1" side="" type="Any" name="S_2" />
    <comppin designator="4" sympin="4" pinswap="0" gateswap="0" gate="1" group="1" side="" type="Any" name="S_3" />
    <comppin designator="5" sympin="5" pinswap="0" gateswap="0" gate="1" group="1" side="" type="Any" name="S_4" />
    <comppin designator="6" sympin="6" pinswap="0" gateswap="0" gate="1" group="1" side="" type="Any" name="S_5" />
    <comppin designator="7" sympin="7" pinswap="0" gateswap="0" gate="1" group="1" side="" type="Any" name="S_6" />
    <comppin designator="8" sympin="8" pinswap="0" gateswap="0" gate="1" group="1" side="" type="Any" name="S_7" />
    <comppin designator="9" sympin="9" pinswap="0" gateswap="0" gate="1" group="1" side="" type="Any" name="D" />
    <attached_symbol gate="1" name="FDBL86210-F085" />
    <pinmap designator="1" footprintpin="1" />
    <pinmap designator="2" footprintpin="2" />
    <pinmap designator="3" footprintpin="3" />
    <pinmap designator="4" footprintpin="4" />
    <pinmap designator="5" footprintpin="5" />
    <pinmap designator="6" footprintpin="6" />
    <pinmap designator="7" footprintpin="7" />
    <pinmap designator="8" footprintpin="8" />
    <pinmap designator="9" footprintpin="9" />
    <text name="Datasheet" originx="0" originy="0" style="Default" rotation="0" justify="" flipped="False" hidden="True" data="https://www.onsemi.com/pub/Collateral/FDBL86210_F085-D.PDF" />
    <text name="Description" originx="0" originy="0" style="Default" rotation="0" justify="" flipped="False" hidden="True" data="MOSFET N-Ch 150V 169A PowerTrench PSOF8" />
    <text name="Manufacturer_Name" originx="0" originy="0" style="Default" rotation="0" justify="" flipped="False" hidden="True" data="onsemi" />
    <text name="Manufacturer_Part_Number" originx="850" originy="200" style="Default" rotation="0" justify="left" flipped="False" hidden="False" data="FDBL86210-F085" />
    <text name="Mouser Part Number" originx="0" originy="0" style="Default" rotation="0" justify="" flipped="False" hidden="True" data="512-FDBL86210_F085" />
    <text name="Mouser Price/Stock" originx="0" originy="0" style="Default" rotation="0" justify="" flipped="False" hidden="True" data="https://www.mouser.co.uk/ProductDetail/onsemi-Fairchild/FDBL86210-F085?qs=0lQeLiL1qybvN4JdfMs10g%3D%3D" />
    <text name="Arrow Part Number" originx="0" originy="0" style="Default" rotation="0" justify="" flipped="False" hidden="True" data="FDBL86210-F085" />
    <text name="Arrow Price/Stock" originx="0" originy="0" style="Default" rotation="0" justify="" flipped="False" hidden="True" data="https://www.arrow.com/en/products/fdbl86210-f085/on-semiconductor?region=nac" />
  </component>
</quadcept_library>
